tweet_id,tweet_text,year,tiffany,kishen,deepak,majority_rating,final_rating
664113554266591232,hydrogen group trainee recruitment consultant,2015,0,0,1,0,
618159820689031169,the clean gren home revolution,2015,0,1,1,0,
644759143799259136,why liquid hydrogen can soar a refined liquid oxygenlfim,2015,0,0,1,0,
586518340228796416,new job opening at hydrogen uk ltd in london salesforce crm business analyst jobs,2015,0,0,1,0,
581258634514067456,project manager at hydrogen group bristol somerset united kingdom todayjobpost jobs,2015,0,0,1,0,
633828869833932800,via groundbreaking new superconductor works at the warmest temperature yet,2015,0,1,0,0,
641142744606486528,senior funds opportunity elite us firm dubai united arab emirates dubai hydrogen group legal jobs,2015,0,0,1,0,
625015795647705088,niche recruiter hydrogen group sees quarterly rise in unemployment as a blip,2015,0,0,1,0,
597240938105208832,using hydrogen to magnetize graphene proves efficient,2015,0,1,0,0,
603920908378513408,r hardware electronics hydrogen gas sensor tgs,2015,0,0,1,0,
644502502742827008,hydrogengroup wsjlaw with global opportunities across the legal sector each month find your next role with ‚Ä¶,2015,0,0,1,0,
621196874503057408,project planner pmo bristol city centre hydrogen group bristoljobs jobs bristol,2015,0,0,1,0,
550855874361970688,deuterium is an isotope of hydrogen which contains one proton and one neutron and one electron orbiting the nucleus myfirsttweet,2015,0,0,1,0,
624684144472236032,mystery beach blast in rhode island blamed on hydrogen gas,2015,0,0,1,0,
628588969760927744,better miles for each gallon in cooperation with liquid extract else la hydrogen fuse rgqtknsx,2015,0,0,1,0,
678244265659604992,thickness dependence and percolation scaling of hydrogen production rate in mos,2015,0,1,1,1,
1299536748108804096,the common booster cores liquid hydrogen loading operation is switching from slowfill to fastfill mode as plannedthe cryogenics are fed to the cbcs via umbilicals from the tail service masts on the launch table via spacetalklive,2020,0,1,1,1,
1333678694318018561,talk about taking one for the team there is precisely zero chance i will ever install a hydrogen cooker in my home,2020,0,0,1,1,
1341750180736065536,why hydrogen should hook up with nuclear,2020,1,0,1,1,
1341990994015825922,plug stock why hydrogen play plug power is climbing today üëá,2020,0,0,1,1,
1213150530437959682,i am an energy i can be stored i can be produced without greenhouse gas emissions üåø who am i‚ùî i am hydrogen üé¶,2020,1,0,1,1,
1381953481154699268,planet hydrogen is experimenting with a process adding a mineral salt to the electrolysis that actively binds with co producing an ‚Äúocean antacid‚Äù similar to baking soda üëâcapture and permanently store kg of co for every kg of h it produces,2021,0,0,1,0,
1275141295451799554,the truth about hydrogen via,2020,0,0,1,1,
1242801024462700546,metacon and hynion continue their hydrogen cooperation,2020,0,0,1,1,
1239747022820741121,thermodynamic anomalies and three distinct liquidliquid transitions in warm dense liquid hydrogen,2020,0,0,1,0,
1324600671404912640,now on indiegogo ‚Äúsuisonochikara ‚Äù the power of hydrogen for health beauty fashionbeauty healthmedicine technology us,2020,0,0,1,1,
1310713444954505218,saudi arabia sends blue ammonia to japan in worldfirst shipment bloomberg,2020,0,1,0,1,
1433403957485912166,msmn tcf basin ü§© most significant helium discoveries near mosman‚Äôs ep exploration starts soon magee well helium mt kitty well helium these are extremely high concentrations by world standards üíº potential helium hydrogen demand is huge üëá,2021,0,0,1,0,
953332688286560257,more progress from our recent hydrogen installation in hempstead ny hempstead hydrogen h‚Ä¶,2018,0,0,1,1,
987408427440685056,swing by the linde world of hydrogen vr experience this weekend at the shell ecomarathon and take a turn zapping water molecules or get into the cockpit of a h volocopter to explore the city shellecomarathon makethefuture lindehydrogen,2018,0,0,1,0,
1234551908708253698,hydrogen energy at the root of life evolutionary biology sciencedaily since the discovery of submarine hydrothermal vents around years ago these natural chemical reactors have been a focus for,2020,0,0,1,0,
473930010361737217,jacs efficient photoelectrochemical hydrogen generation using heterostructures of si and chemically exfoliated,2014,0,1,0,0,
469372768531009536,hydrogen group is seeking for an yrs experienced it project manager ‚Ä¶ ‚Ç¨ per hour allinclusive,2014,0,0,1,0,
535191461781053440,teamfollowback nasa awards agencywide acquisition of liquid hydrogen contract nasa has award autofollowback,2014,0,0,1,0,
461208642302128129,check out this article researchers testing epoxy systems with liquid hydrogen storage tanks,2014,0,1,1,1,
525027588792930305,selfassembling hydrogel scaffolds for photocatalytic hydrogen production,2014,0,1,1,1,
506842798684143616,lockheed buys hydrogen capturestorage venture lockheedmartin,2014,0,1,0,1,
463633748114677760,looking for a tour of the hydrogen office project,2014,1,0,0,0,
506443413622112256,kawasaki tease with new ninja h bike could it have a super charger or is it a cylinder,2014,1,0,0,0,
1194074149540380672,new catalyst efficiently produces hydrogen from seawater wonderful information hgohd harjgtheonedba harjgtheone harjgtwo hwozone,2019,0,1,1,1,
1197519800861429761,why ilva should remain open all goes according to plan voestalpine will use hydrogen from the new plant to transition out of blast furnace technology that relies on coal and coke and into high efficiency electric arc furnace‚Ä¶,2019,0,1,1,1,
1190195666536062976,crystalline niohamorphous nimoox mixed‚Äêcatalyst with pt‚Äêlike performance for hydrogen production,2019,0,1,0,0,
709214483604869120,in my keynote speech i will talk about the path to decarbonization crinph,2016,1,0,0,0,
1184013864557404160,million tonsley hydrogen cracker is crackers,2019,0,0,1,1,
1582424789666656262,pr launch sale for a limited time you can get our standard service for only we also offer a service where well write the press release for you learn more pressrelease greenmarketing lowcostmarketing,2022,1,0,0,0,
825166313370836992,scientists turn hydrogen into metal in breakthrough that could revolutionise the planet,2017,0,1,0,0,
1188791793594359810,on the day of the environment bill second reading great to see that the th electric black cab has been made in the uk not causing any nitrogen oxide pollution on our roads and saving cabbies an average of ¬£ a week on diesel costs,2019,0,1,0,0,
1080816078656278528,green hydrogen separation from nitrogen by mixed matrix membranes consisting of nanosized sodalite crystals acceptedarticle,2019,0,1,0,0,
1134217988788424704,imt nkat nitrogen purities up to with an air factor from our new nkat system combines our proven pan technology power as needed with the advantages of a hydrogen catalyst for further energy optimisation,2019,0,1,0,0,
882644026825990144,hamburg is ready to fill up with hydrogen customers aren‚Äôt so sure,2017,0,0,1,1,
906165620693196803,the technology behind the hydrogenone s holographic display has finally been revealed,2017,1,0,0,0,
1204126857295093760,forget shipping hydrogen abb‚Äôs hvdc cabling will allow long distance power exports ‚Äì abb ltd¬†nyseabb,2019,0,0,1,1,
1186651540020453376,renault loses its marbles dissolved in¬†hydrogen,2019,0,1,0,0,
1554444843081949184,üí•breaking china üá®üá≥ chinese media released a video showing the deployment of chinese dfb intercontinental missiles somewhere unknown destination the dfb has an estimated range of to kilometers and can carry to hydrogen warheads taiwan üáπüáº pelosi biden,2022,0,0,1,0,
366901939327348736,trainee recruitment consultant city of london hydrogen jobs,2013,0,0,1,0,
1189889856228462593,insightüßêrefiners will address the upcoming january imo targets for bunkerfuels primarily utilizing different strategies üëâaxens is in a unique position offering technologies for both the carbon rejection and hydrogen addition pathways read more,2019,0,0,1,0,
1353858954741362692,the physical chemistry of bulk hydrogen energy dominates the planet naturally we strive to leverage it in ways that make fossil fuels obsolete while creating manufacturing jobs affordable energy for americans synthetichydropower freedom,2021,0,1,1,1,
515225025751052289,solar cell powers watertohydrogen conversion technology materials chemistry,2014,0,0,1,1,
322258281328435201,selfhealing hydrogen leaf could power the world via,2013,0,1,1,1,
838012427262390276,full set up package hho hydrogen generator highgrade dry cell steel plates for engines from ccm to,2017,0,1,1,1,
897641619419168769,hexagon gets million hydrogen deal,2017,0,0,1,1,
717653942159548418,the race to turn gassy hydrogen into solid metal science,2016,0,1,0,0,
1188065463424770048,all hydrocarbon accumulations other mineral resources in syria belong to the syrian arab republic seizure armed control of oil fields in east syria is state banditry us military was extractig syr oil trasporting it by trucks to refine abroad ‚û°Ô∏è,2019,0,1,0,0,
824732500245225472,scientists turn hydrogen into metal in breakthrough that could revolutionise the planet via rscience,2017,0,1,0,0,
825279345161883648,hydrogen turned into metal in stunning act of alchemy that could revolutionise technology and spaceflight,2017,0,1,0,0,
766279908918120448,plugging away inside massive sls fuel tank welders complete final plug fus via,2016,0,0,1,0,
1176368902965800960,water hydrogenbonding structure and dynamics near lipid multibilayer surface molecular dynamics simulation study with direct experimental comparison chemicalphysics,2019,0,0,1,0,
1460569040766783503,electrical engineer hydrogen job description job profile summary location sunbury uk bp is now operating a new hybrid working solution for officebased employe colchester colchesterjobs ukjobs,2021,0,0,1,0,
1458465293991391236,revenge of the remainers boris set for eu policy embarrassment from whitehall rebels,2021,0,0,1,1,
1449374675897835521,canadas weekly rig count up to of those rigs are drilling for natural gas are drilling for oil for other helium hydrogen geothermal or potash and are moving read our weekly report,2021,0,0,1,1,
1359509535036215300,uschi may have been very late with buying covid vaccination for europe it seems that she does not want to be late again she actively promotes hydrogen now it is your turn dont wait and join hydrogen news on linkedin now ‚ö†Ô∏è,2021,0,0,1,1,
748358969723346944,i liked a video how to make a mini hydrogen generator tutorial,2016,0,1,1,1,
784714031676481536,how to make a mini hydrogen generator tutorial,2016,0,1,1,1,
1413127626378682369,adnoc and japan‚Äôs players to study hydrogen and¬†ammonia,2021,0,0,1,1,
1422975385474580486,‚Å¶ one for you to discuss nathan ‚Å¶,2021,0,0,1,1,
1547515072460853249,iveco to leave russia to transfer stake in truck jv to local partner reuters,2022,1,0,0,1,
1519225576493625346,morrison‚Äôs ‚Äòhydrogen hubs‚Äô push is a ccs trojan horse via,2022,0,0,1,0,
323110986116653057,hydrogen boost for aston martin at the nurburgring astonmartin hydrogen nurburgring,2013,0,1,1,1,
336610781825220609,hydrogen generator build your own water powered,2013,0,0,1,1,
1007197462493302784,from newsroom today feature news from the hydrogen council,2018,0,0,1,1,
1068012592302620672,thats genius how to make a mini hydrogen generator,2018,0,0,1,1,
322429447536005120,selfhealing hydrogen leaf could power the world,2013,0,1,1,1,
1371251415813820417,starting the week on the right foot with bringing an unparalleled combination of passion and experience to our hydrogen taskforce,2021,0,0,1,1,
322141651936112641,selfhealing hydrogen leaf could power the world there are plenty of scientists out there trying to solve our‚Ä¶,2013,0,1,1,1,
294960351928279040,silicon nanoparticles could lead to ondemand hydrogen generation,2013,0,1,1,1,
1017184729236475906,smoke drifts up right now from the factories of africa as the sun fuses m metric tons of hydrogensecond,2018,0,0,1,0,
1508863075021201409,‚óè get access ‚óè ‚ñ∂Ô∏è hydrogen medicine combining oxygen hydrogen and co by dr mark sircus ‚óÄÔ∏è title gt hydrogen medicine combining oxygen hydrogen and co rating gtgt out of based on user,2022,0,0,1,0,
1530286916305920002,are you tired of high gas prices want to make your own fuel for pennies watch this man drive a corvette on hydrogen that he made out of water think it‚Äôs not legitwatch this and then decide via,2022,0,0,1,1,
731025472570593281,how in order to blow up an gingerly hydrogen oil game warden bcnyuvxg,2016,0,0,1,0,
1577780843996651532,rinnai heating hot water new cost comparison aid ‚Äì online and on demand ‚Äì to include h range of hydrogen hybrid heat pumps,2022,0,0,1,1,
961650966574653440,the consumer electronics show is primarily where hot new cell phones video games apps and other gadgets are normally,2018,1,0,0,0,
1566771425330995201,ahhhh hydrogen is there anything that it can do no really is there anything just asking,2022,0,0,1,1,
674299910913581057,new hydrogen reactions lab now in operation in allentown pa,2015,1,1,0,0,
661905863427264512,an ecofriendly batmobile read more here,2015,1,0,0,0,
636846643166494720,good nanotechnology used in artificial photosynthesis to produce hydrogen and methane,2015,1,1,0,1,
677276545753341952,speeding up the hydrogen¬†highway,2015,1,0,1,1,
613740045313437696,stanford university catalyst splits water into hydrogen and oxygen,2015,1,0,0,0,
652465716747223041,happy hydrogen day to all,2015,1,1,0,1,
585274427065139200,top story trying out tweeted times new discovery may be breakthrough for hydro‚Ä¶ see more,2015,1,0,0,0,
576406127618953216,hydrogen bubbles,2015,1,1,0,0,
634818859896320000,carbon fiber cloth can generate hydrogen catalyst can work in water,2015,1,1,0,1,
662753869617852416,video how to produce hydrogen from algae scientists have developed a new method for continuously producing h,2015,1,0,0,1,
668504030365114368,in around ford created the model u concept car i loved this thing d hydrogen soybean body panels utilityabl,2015,1,1,0,0,
552450607622414336,‚Äúthis could be the dawn of the age of hydrogen‚Ä¶‚Äù dr michio kaku ‚Ä¶ see more,2015,1,0,1,1,
563290243424874496,nasas lro discovers lunar hydrogen more abundant on moons polefacing slopes,2015,1,0,0,0,
589077573608570880,latest news efficient conversion of hydrogen and oxygen from water,2015,1,0,0,1,
669051945563365376,technip tkppy otcqx international premier technip awarded contract to supply reformer for star hydrogen pl,2015,1,0,0,0,
552902725617610753,acta spa hydrogen generator demonstrated by abengoa,2015,1,1,0,0,
1312483842532335616,why this space age airplane could change flying forever,2020,1,1,0,1,
1282605939175100416,combustion system to operate with a mixture of three fuels hydrogen natural gas,2020,1,1,0,1,
1303095124046393344,our port has so much potential beyond coal üíöüåè,2020,1,0,1,1,
1240099741116989441,germany salzgitter to put new hydrogen electrolyzer into operation at the end of,2020,1,1,0,1,
1285244012304248838,egeb portugal kills coal two years ahead of schedule well done,2020,1,1,0,1,
1272075562782162945,‚Äúthe intention to build up an electrolysis capacity of gw by and another gw by at the latest must be accompanied by the necessary economic efficiency to enable a domestic market in the medium term‚Äù hydrogen,2020,1,0,1,1,
1287964672113573889,new material can generate hydrogen from fresh salt or polluted water by exposure to sunlight,2020,1,1,0,1,
1226999299541733376,pitches have been announced for capital connects minute empasta fanpark postbiotic labs stemz stitch partners yay brand zimiz minute advanced hydrogen technologies corporation ascend barricaid technology group percensys core learning proodos suite iq threat sketch,2020,1,1,0,0,
1225451052490772480,why on earth would car manufacturers spend billion annually to promote engines which are illegal to sell this is the biggest threat to f and fwonk in the year history of the sport,2020,1,1,0,0,
1191509458943385600,roadmap charts course to create worlds first netzero industrial cluster in the humber,2019,1,1,0,1,
1387096214693425157,manchin rips big banks for netzero carbon goals calls for a more realistic approach,2021,1,1,0,0,
1578368300924411904,we think our ceo is due for a good rest this weekend after a busy week representing igem our members at several notable uk events get a glimpse into the diary of our ceo diaryofaceo lpc cpc gas hydrogen biomethane netzero,2022,1,0,1,1,
1424741664552210438,lots of talk about blue hydrogen saudi arabias shareek programme on aramcos investor call today aramcos exploring options for blue hydrogen its talking to potential buyers in japan south korea and analysts v keen to know what shareek means for aramco,2021,1,0,1,1,
1339068009558765573,bldp shift into hydrogen could lift these stocks higher,2020,1,0,1,1,
831924289230295043,download innovation sustainability the evolution of the package car infographic,2017,1,1,0,0,
1436024040330760192,do u reckon sprott physical uranium trust fund will go to shit when the new world order decides to drop that fucking battery shit on automobiles and invest in hydrogen fuel cells made from the sun water and natural gas you know to run everything from a cargo ship to a lawnmower,2021,1,0,1,1,
304818579713437696,hehoy gt ‚Ä¢¬ªreviews make your own hydrogen fuel cell minute video amp all datasheets download ebooks amp pdf,2013,1,1,0,1,
949776014460227584,hydrogen fuel from water by harnessing red and nearinfrared regions of sunlight geniustricks,2018,1,0,1,1,
1215514364935114752,interesting article from looking at the top trends for in the passenger ship industry and how this will influence existing shipbuilding processes,2020,1,1,0,0,
1329530807514525698,northwestern university researchers have developed a highly effective environmentally friendly method for converting ammonia into hydrogen outlined in a recent publication in the journal joule the new technique is a major step forward for enabling‚Ä¶,2020,1,1,0,1,
1338914886282326023,the future to fly,2020,1,0,1,1,
1310568827076464641,the future to fly,2020,1,0,1,1,
510801053500313600,hfco hfco news hfco hydrogen future corporation secures production funding accesswire wed mar am cdt hou,2014,1,0,0,0,
1184146412881219584,we recently sat down with our newest employee and european sales manager guy veroeyen to find out what he has in store for the future of haskel check out the blog here,2019,1,0,0,0,
1027492197724286976,the is getting closer and closer some final tracktesting at today you can see us driving on the livestream between and both today and tomorrow thefutureisnow hydrogen racing,2018,1,1,0,0,
1478791451618201607,today we start building a future that the next generation of new yorkers deserve to inherit join me as i deliver the state of the state address stateofthestateny,2022,1,1,0,0,
1340212206839980034,from a professional perspective wishing all those in my team my colleagues particularly renewablegas biomethane hydrogen all the very best there have been challenges successes lessons to learn grow still lots happening but personally time to pause rest a bit,2020,1,1,0,1,
1338185422367830017,good read i can recommend to the h audience gtconfirms fsr thinking except few points on market question wrt renewable h will resources will be as concentrated as todays o g supply or decentralized like renewables key geopolitical variablesgt,2020,1,1,0,1,
490106793243475969,hpsg daily hydrogen update is out stories via,2014,1,1,0,1,
454613052449910785,sunlight generates hydrogen in new porous silicon,2014,0,1,0,0,
548560137225396225,super strong graphene could revolutionize batteries by extracting hydrogen from thin air,2014,1,1,0,1,
512681741396357120,blackberry hydrogen bringing fixed assets conjunction cakes and ale unto superego awey,2014,1,1,0,0,
537928173783371776,harvesting hydrogen from atmosphere possible new graphene breakthrough by andre geim,2014,1,1,0,1,
433262676316545025,official renault testing hykangoo postal vans with hydrogen range extenders,2014,1,1,0,1,
510858953174302720,breakthrough extracts hydrogen from water times faster,2014,1,1,0,1,
536242888418803712,another verge car article for you makes a lot of references to the prius favorite car,2014,1,1,0,1,
1176099433387352064,mike menzies writes about the advantages and disadvantages of injecting hydrogen in a natural gas combustion plant,2019,1,1,0,1,
737765707266461696,firstelement will hit late hydrogen station goal by early thanks to autoblog,2016,1,0,1,1,
1176056476915425280,just to emphasise this after years of uk brick wall i have taken my hydrogen turbine concept to berlin technical university germany now being assessed for cost of initial modelling,2019,1,1,0,1,
321082379798212608,graph of the day whither the hydrogen economy via,2013,1,0,0,0,
960621121514102784,new watersplitting method could open path to hydrogen economy technique efficiently generates hydrogen from water,2018,1,0,1,1,
794449314856587264,hydrogen economy hits high gear with new water splitting initiative,2016,1,0,1,1,
1235935743664586752,the nta in association with cork city council and cork county council and in collaboration with transport infrastructure ireland has today published a transport strategy for the cork metropolitan area,2020,1,1,0,0,
580819411826663425,is china beating us yet again this could be the future of public transportation china has mastered the first,2015,1,0,0,0,
1245024949758119936,renewable hydrogen to undercut gas on price but not the answer for transport,2020,1,1,0,1,
444523543943184384,the of transport im eager to watch the developments,2014,1,1,0,1,
474857003508973568,there have been books written about the hydrogen hype yet the hype continues julian cox recently tore transportation teamfollowback,2014,1,0,1,1,
1189723808204083200,what are the benefits of methanol as transport fuel prof yao chunde tianjin university says that from a long term perspective methanol is carbon balanced as it is produced using co and hydrogen by carbon recycling international siew,2019,1,1,0,0,
995057645659787264,s k o e n l a p p e r ‚Äòthis project has taken up most of my headspace for the past months i present my final project the culmination of years at university a hydrogen balloon holiday guided by research into autonomy and comfort‚Äô reshapingid reshapingautotransport,2018,1,1,0,0,
1340563395318337536,the latest gwadar oil and gas thanks to hydrogen climate,2020,1,1,0,0,
1176620123957923842,commentary there are scientific solutions to climate change let‚Äôs talk about that instead of fear says,2019,1,1,0,0,
1176811059002261504,if the prime minister does‚Äôt want people to be ‚Äúanxious‚Äù about climate change he could start by apologising for this üëá,2019,1,1,0,0,
1568229589784068096,also regarding the climate change acceleration i am near confident that the being can create great heat and because of excellent hydrogen control hot or cold as seen in the creation of the monument and communications like below melting the underside of the polar ice is,2022,1,1,0,0,
1586991364855693312,what could the silver bullet be to tackling climate change thinks the answer is hydrogen he joins helen sharman on the latest episode of zero pressure available now download here ‚û°Ô∏è,2022,1,0,1,1,
1517503728328351745,on earth day and every day cp is committed to reducing our environmental footprint and addressing climate change we are proud to be recognized as a leader in climate action being named to cdp‚Äôs a list for the first time earthday,2022,1,1,0,0,
1100772670231248896,tells that climatechange is the challenge of this generation calling it a public health national security economic and moral issue she adds to reduce our dependence on fossil fuels we have to put a price on carbon,2019,1,1,0,0,
831805261417422848,hydrogen steel and eco snow the week biggest climatestories,2017,1,1,0,0,
862013736537788416,trump wont decide on withdrawal from landmark paris climate accord until after italy g summit white house says,2017,1,1,0,0,
1509175555782070272,un climate fund warns of project cancellations because us hasn‚Äôt paid up market lithium hydrogen rareearths gold silver commodities trading rareearth mineralprices,2022,1,1,0,0,
1183797424718041090,study shows a much cheaper catalyst can generate hydrogen in a commercial device slac national accelerator laboratory,2019,1,1,0,1,
1114930285672652807,turning organic waste into hydrogen,2019,1,1,0,1,
1526652642902122498,‚òÇthe pragmatic partyü¶¨ voting bloc ubiend poverty recycle jobs no dumps health care education cost based on income industry internet protocol no censorship habitat protection restoration solar to hydrogenend fossil fuels judicial election campaign reform,2022,1,1,0,0,
1491556472362262531,‚òÇthe pragmatic partyü¶¨ ubiend poverty recyclejobs no dumps healthcare education cost based on income industry internet protocol habitat protection restoration solar hydrogen end fossil fuels judicial election campaign reform,2022,1,1,0,0,
841839910722117632,hypersolar receives patent for core nanotechnology for globenewswire press release ‚òÑ vrai ‚õ± v vrai‚Ä¶,2017,1,1,0,0,
1176388666547216385,if you‚Äôre just waking up rebecca long bailey has just spent ¬£ billion in promising interest free loans so people can have electric cars,2019,1,1,0,0,
1382366555850248196,its time for jeep to build a legitimate electric wrangler,2021,1,1,0,0,
503275657430712320,water and sunlight the formula for sustainable fuel science news redorbit via,2014,1,1,0,0,
1008017608141082625,q let‚Äôs think beyond just solar panels what are some of the most interesting sustainable technologies that already exist today have you used or seen any of them solarpunkchat,2018,1,1,0,0,
1473669379615297544,why isnt the uk in the lead developing sustainable electric aircraft,2021,1,1,0,0,
1451320590581866498,edinburgh airport partners with √∏rsted to bring sustainable air travel to the uk hydrogen included duncanclark,2021,1,1,0,1,
1056946033144578048,‚Äúwe will introduce a new tax on the manufacture and import of plastic packaging which contains less than recycled plastic‚Ä¶ ‚Ä¶transforming the economics of sustainable packaging we will consult on the detail and implementation timetable‚Äù budget,2018,1,1,0,0,
1557371848794546176,ciac is pleased to see several key elements for our sector in ontario budget such as an advanced manufacturing low carbon hydrogen and a critical minerals strategy we congratulate on the budget read more here,2022,1,0,1,1,
1178363712610000897,explosions and subsidies why hydrogen is struggling to catch on in korea,2019,1,1,0,1,
1187549746283585536,red cancels hydrogen phone project as founder jim jannard retires,2019,1,0,0,0,
1138575236184461313,the perfect storm hydrogen gains ground on lng as alternative fuel,2019,1,0,1,1,
358210638834704384,bristol hails uks first hydrogenfuelled ferry,2013,1,0,1,1,
1287779968202801158,our ceo mary grant shows that working with customers such and and industry partners and eminox ltd porterbrook is supporting the green recovery teamporterbrook greenrecovery,2020,1,0,0,0,
852842300631863296,happy easter from bright green hydrogen easterweekend,2017,1,1,0,0,
1466351761908805634,news hysr sunhydrogen shares video highlighting differences advantages of its nanoparticlebased green hydrogen technology over conventional electrolyzers mwn stocks imgn aabb aphlf prrsf via,2021,1,0,1,1,
1447271032746827778,good results from swiss attempts to turn mixed plastic waste into natural gas a polycarbonatepolyesterpolyolefin feed simulating mixed waste gave yield of methane when treated with hydrogen using a ruthenium catalyst but green hydrogen is needed the catalyst is expensive,2021,1,1,0,1,
1098002138402156545,green hydrogen push bearing fruit,2019,1,1,0,0,
1325535909429719040,steel is a climate nightmare sweden has a plan to make it green huffpost,2020,1,1,0,1,
1179660200615260161,river kalamu in kinshasa drc is flowing plastics instead of water plastic pollution is an increasing problem in africa we need to join hands to beatplasticpollution apply now to become a green climate campaigner join the fight against climatechange,2019,1,1,0,0,
1217389468518404097,of millennials are willing to pay more for sustainable goods interesting and hopeful stats from this morning at business tourism sustainability workshop makeitgreen,2020,1,1,0,0,
1186489198183931907,ok back to listing things that make me relive trauma most social media apps two lady gaga ex‚Äôs sport tournaments most of my friends moms birdcages summercamps my favourite bookstore my cursed dress significant amounts of my underwear and green hair dye parallel parking,2019,1,1,0,0,
935543435997544449,hydrogen is not green at all that why big oil loves it think fracking boondoggle fracking,2017,1,1,0,1,
1405600819433644034,fantastic news that is building a plant in the heart of uk fusion at nuclear fusion is an exciting innovation that could supercharge our efforts to buildbackgreener üá¨üáß,2021,1,1,0,0,
963270861724758016,so difficult dont have the album read it times years ago so ru is the machine dragon having kinda frogg robot and a copy of himself that tries to be him so hetket relic purple green suplement to hydrogen to cause mortstromm contained hydrogen sehkmet hetket,2018,1,1,0,0,
1525119105661018112,off shore turbines could desalinate water and create hydrogen and oxygen supplies for green good,2022,1,0,1,1,
845474841926950912,bcga welcomes move to open the road to hydrogen mobility,2017,1,1,0,1,
817024108613562368,artificial leaf converts sunlight into hydrogen ‚Äì,2017,1,1,0,1,
1575138694415130630,on september th hear about the support rwi received in the lowcarbonh accelerator join the final showcase with to learn more about rwis syntheticdata and other hydrogentech,2022,1,0,0,0,
1607843827519295488,steammethane reforming is the most common and economical way to make hydrogen gas on a large scale methane from natural gas is combined with hightemperature steam and a catalyst to create pure hydrogen and carbon dioxide,2022,1,0,1,1,
1526478326642233344,some really great contributions today exciting to see the broad efforts pushing hydrogen in every region very strong in badenw√ºrttemberg,2022,1,0,1,1,
453129441246715904,cars of the future via,2014,0,0,1,1,
834178915287568385,todays cars emit co tomorrows cars will eat it futuretech hydrogen carbondioxide,2017,1,0,1,1,
508741652471484416,cars deals fly racing mens lite hydrogen jersey,2014,1,1,0,0,
689370603644547072,sapid reasons in preference to using hydrogen as long as cars qrhikqcr,2016,1,1,0,1,
1029632024955551745,how can the uk approach the infrastructure challenges that banning all new petrol and diesels cars from will bring eti programme manager rebecca sweeney explores this topic with uk lowcarbon transport,2018,1,1,0,0,
565947047287590913,electric cars are so yesterday abcnewsbayarea michaelfinney onyourside,2015,1,1,0,0,
1073281419160502272,the electric cars of the future could be recharged in minutes,2018,1,1,0,0,
914887008413138946,gm will release at least allelectric cars by,2017,1,1,0,0,
1047756550083887104,üïò liveyourcall with have we fallen out of love with cars üöóü§î üìû üì± üì¢ join the conversation using liveyourcall,2018,1,1,0,0,
758623581299286016,hydrogen picture tube since cars the benefits gmd,2016,1,1,0,0,
743076062674849792,train whydrogen rich ho rapid hydration info sales no plastic waste,2016,1,1,0,0,
1189669883962724352,desalination is increasingly seen as one answer to worsening water scarcity issues worldwide check out my blog on the role hero¬Æ and hydrogen can play in helping communities get the water they need to thrive with minimal cost to the environment,2019,1,0,1,1,
1365202444041523206,feb aiaa lalv sustainable aviation miniconference also an engineers week event please join us current topics in sustainable aviation including biofuelssustainable aviation fuels hydrogen and electric aircraft,2021,1,1,0,1,
1131541032510865409,comparisons with the hindenburg disaster are unhelpful and unfair but how can we explore hydrogen use in modern aviation and make safety a priority,2019,1,0,1,1,
943609524740677633,boost your ev battery life in winter using these tips from nreltransport,2017,1,1,0,0,
834898781648773120,record ev sales teslas production goals could be a death blow to the oil industry via video,2017,0,1,0,0,
1560049711649890305,crappy chargers and skyhigh prices are huge roadblocks to ev adoption by,2022,0,1,0,0,
1583561627009536001,introducing the first ever gmc sierra ev denali the only ev worthy of the name denali,2022,0,1,0,0,
1561698447006216192,year old reports available on internet indicate that not a single indian company figures in the top ev companies by market capitalisation industry has consolidated and any new entrants may not see significant returns time to focus on hydrogen,2022,1,0,1,1,
1519951850879033344,to build on our work through the ifca programme we worked with to develop a model to advise on the optimal location and size of ev charge points in the city of bengaluru üîåüöó learn moreüëâ,2022,1,1,0,0,
1180042596367896576,‚Äúwe are living through a climate emergency ‚Äì and it is our duty to leave a cleaner planet for future generations but we need to work together to achieve this that‚Äôs why i‚Äôm calling for an active travel revolution in our city region,2019,1,1,0,0,
461070078101172224,fan of electric racing meet hydrogen racing team and the electric motocross emx at during cleanweek,2014,1,1,0,1,
994949656777056256,does anyone use any of those uv teeth whiteners i need to clean up because i drink too much coffeewine and i don‚Äôt see myself giving that up anytime soon due to our political climate,2018,1,1,0,0,
1196665854756315138,co split and changed with hydrogen makes h and carbon which is why ibm took my idea because they can profit off carbon because everything on this planet is carbon based and then we get water too and ibm wanted that i dont care clean the damn atmosphere already,2019,1,1,0,0,
1175851609026416640,how do i clean tarnish off of sterling silver,2019,1,1,0,0,
357773112818941953,cleantech pr guest blog from time to herald hydrogen,2013,1,1,0,0,
1088184093832028161,orkney has over wind turbines producing of electricity making it a poster child for sustainability,2019,1,1,0,0,
1207744500136697856,german offshore wind output surges in increasing its electricity consumption that is renewable from to,2019,1,1,0,0,
1574258957304025089,meanwhile the destruction of habitat rages on in fnq for kaban wind farmthe proposed chalumbin wind farm is close by approx km away we live in a world where everyone seeks to stop climate change but will willingly sacrifices wild places wildlife for electricity,2022,1,1,0,0,
1064979529939079168,‚Äúa kilo of food per day from nothing but electricity water and air‚Äù this bold vision belongs to which plans to use the powderlike product in foods like bread and pasta,2018,1,1,0,0,
1510180150935232522,this is literally what i think every morning when i look at my kids today i‚Äôm going to make electricity suppliers‚Äô shareholders richer at the expense of ordinary people i‚Äôm obsessed with it,2022,1,1,0,0,
779459527511080960,researchers discover a cell in spinach that uses sunlight to produce electricity and hydrogen,2016,1,0,1,1,
779036300074627072,a cell in spinach that uses sunlight to produce electricity and hydrogen,2016,1,0,1,1,
1303390919144747008,at our german site j√ºlich we are looking for a mitarbeiter logistik lager mwd please send us your cv if you feel your skillset matches this role careers decarbonisation h nproxx renewables hydrogen,2020,0,1,1,1,
1354419581025193985,how to deeply decarbonize industry electrosynthesis might be an important option including water electrolysis but also beyond read the latest comment by or very own tobi schmidt on how policy can help spur this option openaccess in,2021,1,0,0,0,
1598218499843063810,airbus boss warns of delay in decarbonising airline industry,2022,1,0,1,1,
1200172780114849792,üî¨ the institute for advanced materials inam of the universitat jaume i uji is designing a electrochemical reactor to make possible the conversion of carbon dioxide co from the atmosphere into chemical products such as hydrogen,2019,1,1,0,1,
1035123263381426176,california hydrogen tank gas leak flashover fire prompts evacuations in el cajon hazmat,2018,0,0,1,1,
722799511186317312,success of hydrogen highlights the changing expectations of uni students when looking for accommodation read more,2016,1,1,0,0,
1174737767114448897,but many also say that volkswagens sheer size and extremely diverse portfolio mean that if anyone can do it it might be the german giant betting the company good luck vw tsla tslaq,2019,1,1,0,0,
1189203019323367427,kenworth rolls out overtheair updates via,2019,1,0,0,0,
1193939481939722240,where did our sun gets its hydrogen ‚õΩ fuel baby stars,2019,1,1,0,0,
1188667277526425601,twodimensional material has potential as hydrogen¬†store,2019,1,1,0,0,
1179750771065270273,ditching platinum for the ocean could make hydrogen cheap via,2019,1,0,1,1,
1194429265200254976,this sounds super rad super ecofriendly and bet it is fast always runs on time rarely breaks down germans know engineering,2019,1,1,0,1,
825123776643874817,bbc news claim made for hydrogen wonder material,2017,1,1,0,1,
888171362497380352,what does techcommercialization look like is an example theyve turned tech from into success,2017,1,0,0,0,
669156560212467712,catalytic performance of ceriasupported cobalt catalyst for corich hydrogen production from dry reforming of ch,2015,1,1,0,0,
592058076250910721,i just uploaded highly stable nano ce‚Äìla catalyst for hydrogen production from bioethanol to,2015,1,0,1,1,
1391756182721908736,lowcarbon hydrogen production center of rusatom overseas and air liquide project,2021,1,0,1,1,
455370677227249664,cafeo sensitized hierarchical tio photo composite for hydrogen production under solar light irradiation pu,2014,1,1,0,1,
846591201578958848,ecologyhydrogen production this is how green algae assemble their enzymes,2017,1,0,0,0,
872525832052289536,catalytic hydrogen production,2017,1,1,0,1,
1370256028227489793,preparation condition optimization and stability of cubic phase cds in photocatalytic hydrogen production,2021,1,1,0,1,
327097561695522816,recipe for lowcost biomassderived catalyst for hydrogen production,2013,1,1,0,1,
327076903234174977,recipe for lowcost biomassderived catalyst for hydrogen production researchers have described details of a,2013,1,1,0,1,
1433682995966267404,‚Äòhycean‚Äô a portmanteau of hydrogen and ocean that‚Äôs not so far far away gpwx globalwarming climatechange,2021,1,1,0,0,
930497062076141570,listen to some of our taskforce members explain what green finance is and how the uk can become a global leader cop cleangrowth,2017,1,1,0,1,
844134705255464961,market research report store market research report on global hydrogen con,2017,1,1,0,1,
517604398776975360,seiyaconsulting cheap hybrid outperforms rare metal as fuelcell catalyst,2014,1,1,0,0,
824843261525192707,ÿØŸàÿ≥ÿ±€å ÿ∑ÿ±ŸÅ hydrogen turned into metal in stunning act of alchemy that could revolutionise technology and spaceflight,2017,1,1,0,1,
824695205215567872,new claim staked for metallic¬†hydrogen,2017,1,1,0,1,
824991311975608320,excited about metallic hydrogen potential,2017,1,1,0,1,
825150429109555200,theres reason to be skeptical about metallic hydrogen,2017,1,1,0,1,
920655679605506049,what in the world is metallic hydrogen what does it even mean more with at daysofastro,2017,1,1,0,1,
824952172144111616,metallic hydrogen created in diamond vise,2017,1,1,0,1,
825677156617330688,scientists claim to have created the rarest material on the planet metallic hydrogen via,2017,1,1,0,1,
828559161952710656,potential discoveries include ancestor saccorhytys coronarius metallic hydrogen learn more in this scishow video,2017,1,1,0,1,
1021797430159921152,more mysteries of metallic hydrogen technology whatsnew,2018,1,1,0,1,
1022904627572998144,researchers unravel more mysteries of metallic hydrogen,2018,1,1,0,1,
685080497391824897,big squeeze hints at metallic hydrogen british researchers use diamonds to compress hydrogen very close to th,2016,1,1,0,1,
685162946914209792,new study hints that we‚Äôre closing in on metallic hydrogen,2016,1,1,0,1,
685646964034158593,scientists inch closer to state of metallic hydrogen,2016,1,1,0,1,
777894672387551232,physicists are close to producing metallic hydrogen chemicalelements,2016,1,0,0,0,
825169278336917509,metallic hydrogen discovery by harvard scientists raises superconductor hope,2017,1,1,0,1,
466575503663824896,tweet retraction we work fast tm metallic hydrogen paper contested and results not replicated independently original tweet stands,2014,1,0,0,0,
1196074204094967809,hey buddy metallic hydrogen is easy while‚Ä¶,2019,1,0,0,0,
836231455608983552,deccan chronicle worlds first metallic hydrogen sample disappears deccan chronicle the metallic hydrogen was being‚Ä¶,2017,1,1,0,0,
685085889614053376,big squeeze hints at metallic hydrogen,2016,1,1,0,1,
804583320008855552,hydrogen axion star metallic hydrogen bound to a qcd axion bec physicspapers,2016,1,0,0,0,
836145711116922880,worlds only sample of holy grail metallic hydrogen lost in laboratory mishap superpressure metallica,2017,1,1,0,1,
826538153225904130,if i make metal i want it to be like that new hydrogen metal they made a few days ago,2017,1,1,0,1,
367949694619496448,is frozen liquid metal hydrogen just metal hydrogen,2013,1,1,0,1,
362395060060422147,how does hydrogen metallize,2013,1,1,0,1,
1032625620734210048,hydrogen could now be converted into liquid drops of metal using pulses from giant lasers improving the understanding of giant gas planets and settling debates over the physics of the lightest element in the universe read at pragyan,2018,1,0,0,0,
452552040569270272,solar hydrogen and aluminum a guide to the latest in advanced vehicle technology newsad link,2014,1,1,0,1,
1309180694292168704,what should investors think about in light of california‚Äôs electric vehicle mandate sharing my thoughts on ‚Äúmaking money with charles payne‚Äù on with today at pm et,2020,0,1,1,0,
971728510871113729,if government grants were considerably reduced would this affect your decision to use electric vehicles,2018,0,1,0,0,
965637157854613505,how to decide if a hybrid or electric vehicle is right for you roadshow,2018,1,1,0,1,
1571521041154834433,the department of transportation just announced plans to build electric vehicle charging stations across miles of highways that‚Äôs a buttigieg win,2022,0,1,0,0,
965663162442776577,how to decide if a hybrid or electric vehicle is right for you driveelectrichawaii driveelectric electriccars electricvehicles üöôüîåüîã,2018,0,1,0,1,
1197318455604604928,ev lithium cobalt ajm avz mll pls gxy ltr pll a min lac alb sqm agy asn lpi talisons greenbushes amg mibra vald‚Äôor electric vehicle sales are about to explode ark invest ceo,2019,1,1,0,0,
765205195550752768,year study modern ev could replace of current vehicle use today,2016,1,1,0,0,
1352290260718407680,with the cancelling of keystonexl looking at another variable‚Äî the mad rush by vehicle makers away from ice internal combustion engines‚Äî the question what‚Äôs next for alberta‚Äôs economy ü§î thoughts yeg ableg yyc,2021,1,1,0,0,
828108149542395908,bladder tank air matress pure hydrogen uncompressed running a gas generator not hho,2017,1,1,0,0,
938532181755838464,ergosup produces hydrogen at bar at the electrolyser outlet,2017,1,1,0,1,
938428858411507714,hydrogen gas from enzyme production physorg,2017,1,1,0,0,
900826080596164613,bayotech just made a major breakthrough with its hydrogen development credits nms catalyst fund for its success,2017,1,1,0,1,
910518111559749633,info on program w saving the planetwith really nice cars,2017,1,1,0,1,
920398387849052162,this site has an upgraded ports plan even thought it my say it was ready before then ports hydrogen zev,2017,1,1,0,0,
705060837157896194,rt cnetnews rt cnet pininfarina converts hydrogen into speed genevamotorshow,2016,1,1,0,0,
705883074911928320,bad news lowcarbon air travel isn‚Äôt very likely,2016,1,0,0,0,
1580969335798919172,the keynote speech at the oct world hydrogen conference a bracing shower of cold water on all the hydrogen hype this article is worth a read hydrogen bluehydrogen,2022,1,0,1,1,
819920616077852672,from science alert ‚Äúphysicists have created a new form of¬†hydrogen‚Äù,2017,1,1,0,1,
1234841087199633408,hydrogen revisited chinwag podcast energy central,2020,1,0,1,1,
652348066230628352,hydrogen energy,2015,1,0,1,1,
844836557194313731,discoveries radiation of hydrogen energy,2017,1,1,0,1,
313871042038870016,i liked a video from epoch hho hydrogen energy showroom introduction part,2013,1,1,0,1,
1329703884466642945,fascinating how many people representing the fossil fuel industry suddenly discover their concern about energy poverty i wonder why i never came across them before in my work on energy efficiency,2020,1,1,0,0,
1471239153375322114,the european union proposes new measures to ensure the use of lowcarbon energy in the bloc‚Äôs shift away from fossil fuels via,2021,1,1,0,0,
1343950338081042433,the top energy stories of december robert rapier senior contributor,2020,1,0,0,0,
457590664289480704,find out if alternative energy sources can work for you,2014,1,1,0,0,
1113731706840862720,it is going too be awesome when the daintree becomes a leader in renewable energy some say it will lead to over development but we have a strict town plan and the microgrid will be sized to the plan,2019,1,1,0,1,
1511000640142684163,new proposal to include renewable energy sources in accounting for national wealth is gaining traction but how do we measure their value with changing technologies market conditions and policies listen to tellmehow üéôÔ∏è ‚èØÔ∏è ‚èØÔ∏è ‚èØÔ∏è,2022,1,1,0,0,
458979767245471746,with existing energy sources dwindling we need alternatives,2014,1,1,0,0,
1182532347348078593,‚Äúin total it can store kg of hydrogen which is the equivalent of two megawatts of energy this is the annual consumption of an average household ‚Äì so a lot of energy ‚Äù energy observer crewmember am√©lie conty told the independent,2019,1,1,0,1,
687670071062343680,transport is the least energy secure sector relying almost entirely on imported oilbased products energysecurity,2016,1,1,0,0,
1137709425874145281,there is no looming climate catastrophe it‚Äôs an invention of climatologists to continue receiving huge government subsidies the sun produces energy through core thermonuclear fusion reactions converting hydrogen into helium,2019,1,0,0,0,
1181697630310502401,the energy observer is a boat that makes its fuel out of seawater via travel climatechange,2019,1,1,0,1,
1025684051733225472,nickelhydrogen cold fusion by intermediate rydberg state of hydrogen selection of the isotopes for energy optimization and radioactive waste minimization lenr coldfusion fusion nuclear actonclimate climatechange energy,2018,1,0,0,0,
989972161828982784,cnn reports a puerto rico resident spent weeks building a solar system using in parts cheaper than the a month to run a gas generator waiting up to hours in gas lines sustainabilityhydrogenfuelcellsenergyindependenceclimatechange,2018,1,1,0,0,
1196786211282718722,ai solar concentrator reaches c enough to make cement glas from sunshine secretive energy startup backed by bill gates achieves solar breakthrough,2019,1,1,0,1,
1407704087215460358,producing methane for energy in underground repositories using solar energy,2021,1,0,0,0,
1563536479171002368,and why are we getting massive increases in wind solar hydrogen biomass and nuclear parts of our bill we‚Äôve paid subsidies to build this and it makes up of our energy also ns gas is ours and comes to us why is this charged at stupid rates,2022,1,1,0,1,
1174229464416493569,how will the uks journey to zero carbon affect you some thoughts from me with links to bbcs energy briefing a detailed look at the challenges and choices on the road to zero carbon,2019,1,1,0,1,
1135490072680157185,shanghai electric to build mw in australia the chinese electrical equipment giant will build the first project of simec energy australia‚Äôs landmark billion gw dispatchable renewable energy program in the state of south australia solar pv,2019,1,1,0,0,
368342683578036224,sustainable energy breakthrough hydrogen fuel from sunlight via,2013,1,1,0,1,
1087032702010884098,how orkney leads the way for sustainable energy,2019,1,1,0,1,
1271772472526995456,and we are now stop the bullshxt please spain eu team member can create green fotovoltaic energy for the whole eu and have full employement please stop the lies,2020,1,1,0,0,
1478426508360392710,nasa throws a dart at an asteroid and green hydrogen for ammonia energy,2022,1,0,1,1,
1475126329502846977,hydrogen that bubbles up naturally üí®üí¶ i dont know about you but this sounds great to me üåé ressources energy planet carbon oil green ‚û°Ô∏è,2021,1,1,0,1,
1529128193545756672,from stockheadcomau pure hydrogen grabs a hefty slice of asx hopeful botala energy published ph africa hydrogen drilling,2022,1,1,0,0,
883296140699078656,we can afford the cleanenergy transition g,2017,1,1,0,0,
1451551961225076746,what cleanenergy technology are you most excited about,2021,1,1,0,0,
1514936620411092995,drove my new from adelaide to melbourne today driver fatigue zero total cost on supercharging only range anxiety was whether there were more teslas than chargers at horsham love this ‚Äúcar‚Äù sick ‚ù§Ô∏è cleanenergy,2022,1,1,0,0,
353926780068966402,champion nanorust for producing solar hydrogen nanostructures forming the iron oxide particles hyfri cleanenergy,2013,1,1,0,1,
997306537285701637,a new type of battery is cheaper and longer lasting creating new possibilities for use with renewable energy generation energycitizenship energyartlv renewableenvoy vegas solar climateeconomy renewableenergy cpacenv cleanfuturenv vg renewnv,2018,1,1,0,1,
1344591629382864897,soon new nanomaterial will help obtain clean fuel source cleanenergy,2020,1,1,0,1,
499384527568269312,stinky landfills might soon generate clean energy see more,2014,1,1,0,1,
1184371230226280448,dr mamdud hossain reader in thermofluids at the school of engineering robert gordon university aberdeen scotland made the keynote presentation during a national conference on clean energy clean water at vit chennai in the first week of october,2019,1,1,0,0,
409951420775821313,hydrogen recipe lifts hopes of cheap and clean energy,2013,1,1,0,1,
1602482241183023107,this is huge for the first time in history us scientists have successfully produced a nuclear fusion reaction resulting in a net energy gain this is a massive step in a decadeslong quest to unleash an infinite source of clean energy that could end dependence on fossil fuels,2022,1,1,0,0,
930263631547326464,takeshi uchiyamada of spells out need for hydrogen to be a piece of the clean energy mix also til theres a hydrogen council do you think the other atoms are jealous,2017,1,0,1,1,
352459441687371777,alternative energy a cooler way to clean hydrogen,2013,1,1,0,1,
325347343497056256,scientists develop wonder nanomaterial that can produce energy clean water and hydrogen researchers in,2013,1,1,0,1,
1343096291383980033,‚Äúhydrogen is the simplest and the most abundant element in a compound form such as water coal and petroleum like electricity hydrogen acts as an energy carrier that moves stores and delivers energy in a readily usable form‚Äù check out,2020,1,1,0,1,
1496124129048772609,big day for energy politics as germany halts nordstream now let‚Äôs üìÑ reform the energy charter treaty üéØ put energy efficiency first ‚ö°Ô∏è reinforce european electricity grid üîë finance deep renovations üå¨ ramp up renewables,2022,1,1,0,0,
1110828221161967616,üê≥üåéüê≥ quick co capture using more photosynthesis on new surface every year unlimited low cost energy electricity hydrogen red glob from tax contemporary oceans cleaning and climate mitigation newislands greennewdeal climatechange,2019,1,1,0,1,
1313584013106438146,‚Äòit‚Äôs not only jobs for albertans ‚Äì they‚Äôre clean energy jobs for albertans and it supports our goal of diversifying the economy‚Äô dale nally ab associate min of natural gas electricity this is great news for alberta for all of üá®üá¶,2020,1,1,0,1,
1278146024775643137,based on a prompt from hello new followers i wanted to chime in about the bioenergy and carbon removal portions of the committee‚Äôs ambitious decarbonization agenda cdr beccs bioenergy,2020,1,1,0,0,
1590971563632754688,decarbonising heavy industry transport and the energy sector won‚Äôt be easy but we simply don‚Äôt have a choice not to this decarbonisation day at cop we take a closer look üßµ,2022,1,1,0,1,
1306152231146721280,hydrogen will play a key role in the cleanenergy future it is a very versatile fuel that can help decarbonise sectors where other low carbon options are not available or present big implementation challenges interview with ed,2020,1,1,0,1,
697010914915127296,germanys fusion reactor creates hydrogen plasma in world first iflscience energy,2016,1,1,0,0,
1456683738381836294,how hilarious energy secretary laughs when asked about gas prices hurting american families,2021,1,1,0,0,
1458815031492194305,‚Äú‚Äã‚Äãif the international community can‚Äôt make headway on nuclear energy goals at cop when if ever is it going to happen‚Äù read latest,2021,1,1,0,0,
320905555436777473,talk on safety in emerging energy technologies during the week it seems research needs to catch up with industry ccs hydrogen,2013,1,1,0,1,
400443274130755586,the energy output of the sun is about billion megawatts and is produced by nuclear fusion using hydrogen as fuelalso dnb is back,2013,1,1,0,0,
416367927516856321,exxonmobil reduce gasoline useswitch to hydrogen its the most abundant reusable energy in the universe you greedy oil sucking giant,2013,1,1,0,1,
400588560304459776,cella energy receives ¬£ in government funding to increase,2013,1,1,0,1,
358121372951650304,sweet hydrogen how sugar could help satisfy the worlds energy needs lou del bello in the last of her seri,2013,1,1,0,1,
354683909386141696,learn about the ideas generated at ny energy weeks data jam energyjam opendata nyew smartergov,2013,1,1,0,0,
1049359371057201152,new paper ‚Äúelectron structure ultradense hydrogen and low energy nuclear reactions‚Äù,2018,1,1,0,0,
1072502119557750786,blockchain enabling innovation in energy bitcoin blockchain hydrogen,2018,1,1,0,0,
981936187567943680,very good article out on hiph cbd energy drink expected to be sold in gnc stores rmhb potn mjna ‚Ä¶,2018,1,1,0,0,
1565602929255464960,while the tories dither and delay this is how labour would help british people with energy bills üëá,2022,1,1,0,0,
1605226671400943622,hyperspace energy generator usa this invention is a braided gold wire coaxial cable of micron size which generates hyperspace energy by coupling to the tetrahedral geometry of subspace dimension and the planck mass,2022,1,1,0,0,
1531297193369346048,in just a few years alberta‚Äôs energy industry went from negative oil prices to selling more oil than ever in our history a great alberta turnaround,2022,1,1,0,0,
1561752888979759104,low energy germanys running on empty and theres little canada with the worlds rd largest energy reserves can do to help no wonder these two progressives are so unpopular at home,2022,1,1,0,0,
1552781028053458950,crewwhatyouaspireto buildcommunity exittocommunity startupworks llc fulcrum of opportunity for cohesive workgroup formation and employee ownership time to build the energy cohort,2022,1,1,0,1,
1481193005855956999,turquoise hydrogen leader monolith awarded bn us government loan to expand commercial facilities tenfold a bn loan from us department of energy which will enable a massive expansion of its commercial facilities in hallam nebraska,2022,1,1,0,1,
1498448119431892999,favorable energy band alignment of tio anataserutile heterophase homojunctions yields photocatalytic hydrogen evolution with quantum efficiency exceeding,2022,1,1,0,1,
1569849841605578752,hao xie zihang li han wang et al a deep variational free energy approach to dense hydrogen condmatstrel,2022,1,1,0,0,
1524531965537533954,the only true wealth is energy which is why i put all my savings into bunkering hydrogen once we get fusion to work im gonna be so rich,2022,1,1,0,0,
1335594163820257292,jeff bezos shares blue origin engine test footage friday on instagram jeff bezos shared footage from nasas test of blue origins be engine which he described approvingly as a highperformance additively manufactured liquid hydrogenliquid oxygen l‚Ä¶,2020,0,0,1,1,
1585705224635056130,üö®breaking üö® europe union has reached a new deal that will ban combustion engine cars from,2022,1,1,0,0,
717002655231512576,hydrogen based engine carbon cleaning puts money back into your pocket at eccscotland,2016,1,1,0,1,
752181591540002816,nct ireland vw polo l hydrogen internal engine carbon cleaning,2016,1,1,0,0,
1206116590443474945,how do we get motorists to burn less fuel ü§î raise public awareness that vehicle engine exhaust is slowly killing us üëçüèΩ what if the government doesn‚Äôt want awareness raised ü§® find a fissure and prize it open üí™üèΩ noidling airpollution climateaction,2019,1,1,0,0,
1567129477104439296,china conducted a wholecraft running test for its tonlevel closed expander cycle hydrogenoxygen rocket engine for st time the world‚Äôs largest scale testing for the kind a key breakthrough for newgen super heavylift rocket developers,2022,1,0,1,1,
851311536656326656,centre of excellence process for producing hydrogen centreofexcellence freedownload free giveaway,2017,1,1,0,1,
839923914822123521,please support by subscribing per year unlimited access hydrogen developments data and products data,2017,1,1,0,1,
928400327262523393,and theyre calling it a hesla futurism,2017,1,0,0,0,
1193399640667897856,red‚Äôs jim jannard retires shuts down hydrogen,2019,1,0,0,0,
892891564963483649,red‚Äôs hydrogen gets the handson treatment techcrunch,2017,1,0,0,0,
1413617639239397376,company converting waste plastic to hydrogen agrees supply deal with element,2021,1,0,1,1,
671118873601572864,laser makes graphene hydrogen catalyst radical innovation key to reducing emissions hyfri,2015,1,1,0,1,
1369149335003230208,on march we welcomed the hon mp and the hon ward mp to port kembla steelworks for a press conference and tour they announced a m fund to support nsw industry to reduce carbon emissions watch the clip for more,2021,1,1,0,1,
710144898020859904,nebraska cities working to cut carbon emissions,2016,1,0,0,0,
1174054203515269121,hi let me break it down in simple terms for you reducing emissions protects our air health is good for the economy allows families to pay less at the pump we‚Äôre here in the st century let us know when you decide to join us,2019,1,1,0,0,
835234383183372292,if you want to find a major source of transportationrelated emissions just look up aviation currently accounts f‚Ä¶,2017,1,1,0,1,
532205015167819777,carsautos what replaces gasoline hydrogen may be winning the zeroemissions battle anyone who believes ba,2014,1,1,0,1,
794439962892472320,germany has unveiled a zeroemissions train that only emits water,2016,1,0,1,1,
1174283209191886848,zeroavia‚Äôs project hyflyer and uk government grant covered in this morning great article by zeroemission netzero aviation,2019,1,1,0,1,
1183122808865341441,sustainability versus profit maximisation time to price the co footprint who pays for the damage of nature one possible solution is the internalisation of the external costs copricing zeroemission nature biofuel fuelcell hydrogen cleanenerg,2019,1,1,0,0,
1334576029516648448,kevin maggay from explains renewable natural gas which converts landfill and other methane sources into a renewable source of energy this technology is available today and can play a critical role in reducing emissions,2020,1,1,0,0,
1392306357517242371,josh frydenberg‚Äôs budget speech had the same old weasel words on net zero emissions the budget had no plan no policies and no vision for an economy driven by new energy the world‚Äôs climate emergency is australia‚Äôs jobs opportunity an opportunity this budget misses again,2021,1,1,0,0,
410505306163396608,hydrogen emission and absorption spectrum,2013,1,1,0,0,
1470263219499507712,here comes carbon accounting for every day products ‚Äúi think probably by we might see what you could call supply chain carbon accounting that is when a product comes to market you will know what the carbon content of that product is ‚Äù,2021,1,0,1,1,
1401128620983308288,world environment day network rail,2021,1,0,0,0,
701887547610374144,altmetric ‚Äì hydrogen embrittlement of low carbon structural steel,2016,1,1,0,0,
1417703240754401281,hydrogen embrittlement of low carbon structural steel at macro micro and nanolevels hydrogen materials mechanics corrosion materialsscience steels plasticity metals alloys research is available on,2021,1,1,0,0,
841353168541888514,interplay of help hede mechanisms of hydrogen embrittlement in steels at dsl conference via,2017,1,1,0,0,
880006687465361408,forbes warns world needs carboncapture but not happening must get real re alt techs ccs,2017,1,1,0,0,
924667320462708736,hydrogen gas leaks are dangerous thankfully we can detect them ultrafast,2017,1,1,0,1,
874330615264403457,hypothetical market in china hydrogen in shape in the us the bulk of this wednesday‚Äôs news,2017,1,1,0,0,
1395703011532550151,hydrogen hype or heaven join us for this high level debate on wednesday may with victoriapetrova dggrow as part of the espoconferenceregatta it is late but still possible to register,2021,1,0,1,1,
321037789191880705,anyone believe that the hydrogen or methane economy will successfully replace the oil economy ive got a bridge to sell you,2013,1,0,1,1,
1209419741078540289,media release worst christmas present ever federal government announces support for new fossil fuel projects,2019,1,1,0,0,
1139411752683110400,good morning world its ff following friday always interested in contacts discussions informations projects in renewable energies hydrogen like retweet follow enlarge enrich community,2019,1,1,0,1,
1410996055479656450,the hydrogen stream chile and germany join forces to develop viable green hydrogen projects furthermore texas oil field services company baker hughes and engineering procurement and construction company samsung engineering have announced a collaboration with regards to low,2021,1,0,1,1,
1108775612951470080,while vancouver and surrey move ahead on major skytrain projects green says theres a notable absence of rapid public transit options between communities in the fraser valley,2019,1,1,0,1,
1214800782953828353,when abbott lost to he gave a speech not of contrition but celebration of climate denial hes my story about the people and their big projects that are aiming to prove him wrong creating jobs export income from renewable energy,2020,1,1,0,1,
1529500039541932036,ge awarded two high hydrogen combustion projects from doe ge,2022,1,0,1,1,
1569623286216069124,dutch trade mission offshore wind to ie is being hosted in cork city focusing on offshore wind port development and hydrogen our ops projects director in ie is moderating the main seminar holland ossian smyth niall goodwin arjen schutten deirdre forde,2022,1,0,1,1,
615958747752591365,healthylifehappylife life supplements a new study of hydrogen storage material magnesiu‚Ä¶,2015,0,1,0,0,
1138853639307649024,bridgend plant closure all about evs emerging from china not brexit emobility rethinkenergy renewables renewableenergy cleanenergy solar wind energystorage hydrogen,2019,1,1,0,0,
1374802018993201154,happening now hearing from our regional utilities on the current pnw energy projects and the regions vision for the future check out the recording at hydrogen energystorage renewableenergy,2021,1,1,0,0,
1433259289922060290,the australien government has made an ad about carbon capture and storage and it‚Äôs surprisingly honest and informative,2021,1,1,0,0,
973575377540009984,study ids white graphene architecture with unprecedented hydrogen storage capacity architecture,2018,1,1,0,1,
1580053188710830080,hong said more than that can tho and the mekong delta at large can potentially use hydrogen at refrigeration plants seafood processing factories and cold storage facilities ü™ú,2022,1,0,1,1,
742804955749195777,effect of li adsorption on the electronic and hydrogen storage properties of acenes a dispersionco physics,2016,1,1,0,1,
1376562832053956608,surely those tanks need more protection than that,2021,1,0,0,0,
1417974164841922560,chevron cummins look to partner on hydrogen,2021,1,0,1,1,
1429757201267056650,informative book introduces a new age of medicine with the help of hydrogen gas hydrogen water oxygen and carbon dioxide wfmz allentown,2021,1,0,0,0,
1379790215007637507,running on empty theres a lot to like about hydrogen if you can find it hydrogen,2021,1,0,1,1,
1402819051076861953,thank you to everyone who joined us at the americanhydrogenforum today in houston to learn more about the corrze product line and how it can help you prevent corrosion and improve coating adhesion corrze corrosionprevention hydrogen innovation,2021,1,1,0,0,
1405235528467947520,with recent correction and possible regulatory tailwinds are hydrogen stocks a buy forbes,2021,1,0,1,1,
804769459768532992,plug hydrogen volume hydrogen is china the volume,2016,1,1,0,1,
413287295429509120,many large rockets use liquid hydrogen as fuel with liquid oxygen as an oxidizer,2013,1,0,0,1,
1435694581455077379,cat cvx üì∞ chevron caterpillar announce collaboration agreement on hydrogen seconds delayed,2021,1,0,1,1,
1459455215162339341,üîµcheck out how to bring together stakeholders across the globe to share best practices design common technical standards and achieve coordinated hydrogen strategies ü´ê üåÄ parispeaceforum,2021,1,0,1,1,
1369616003454402563,‚Äúhydrogen is on everyone‚Äôs lips and i can tell you that from being around asia ‚Äì i‚Äôve heard it in chinese japanese i hear it everywhere ‚Äù bruno forget enthused this morning at hydrogen virtual event,2021,1,0,1,1,
686280228667183104,news discussion forum hydrogen as a solid news that hydrogen has been compressed to a solid state between t,2016,1,1,0,1,
799379526690086912,plug china potential hydrogen we need signed purchase orders,2016,1,1,0,1,
700214807484456960,new technique for turning sunlight into hydrogen ulsan south korea spx feb a team of korean rese,2016,1,0,1,1,
1447415054610034689,hydrogen one day ammonia the next twiggys second big green project revealed via,2021,1,1,0,1,
1004634474380976128,a closer look at reds audacious hydrogen one phone technology,2018,1,1,0,0,
315544826714136576,i bet hydrogen is surprisingly low pointless,2013,1,1,0,0,
411053385321021440,days info december battery bmw hydrogen more in german,2013,1,1,0,1,
1001732388349624320,‚Äúintroducing the hydro community development program‚Äù by andy chorlian,2018,1,1,0,0,
1355193006522044416,excellent development on multiple levels,2021,1,1,0,1,
1466549648231788548,who dont buy dont know intrinsic valuee now e oh yeah,2021,1,0,0,0,
1509982709497667601,this has to be an april fools joke right ‚Å¶,2022,1,0,0,0,
1529547706460405765,still aint charged this hydrogen red and its been two hours,2022,1,1,0,0,
1565282701434933248,the truth about hydrogen via,2022,1,0,1,1,
407299157058011138,hydrogen could save regional railways mostread,2013,1,1,0,1,
347176445551968256,hydrogen automobilethe sentence over against close coal costs,2013,1,1,0,1,
1454326571938955266,monetize your hydrogen through mimeographing,2021,1,0,0,0,
971469559990575106,rt highefficiency and lowcost catalyst for water electrolysis hydrogen electrocatalytic oxygenevolutionreaction oer,2018,1,0,0,0,
412238205925486592,drama between batteries and hydrogen,2013,1,1,0,1,
706192666468331520,fuel made from water its possible already but too expensive for daily use but science is making it easier to do,2016,1,0,1,1,
295343205577277440,just add water how scientists are using silicon to produce hydrogen on demand via,2013,1,1,0,1,
1013476155263877120,picturesque but remote landing site of our weekend launch in the wind wolves reserve it was our first hydrogen flight and our first flight the the astronomy club,2018,1,0,1,1,
1024947692923969536,ab inbev launches accelerator for sustainability startups ‚Äòwe know we can‚Äôt solve all the sustainability challenges alone‚Äô,2018,1,1,0,0,
1178931061700616193,we are proud to launch the world first political lobbying media relations and specialist events unit for hydrogen has spoken to about our ambitions to inspire and deliver large scale global shifts to hydrogen,2019,1,0,1,1,
1566176198685872135,this is a whole new vehicle and a whole new technology yet it is built from shuttle engines tanks srbs launch infrastructure but who is paying attention to that artemis,2022,1,1,0,0,
1304043317538291712,üíª hydrogen territories platform launch üìÖ september ‚è∞ etc learn from experience of big hit project and identify opportunities for local replication of hydrogen technologies in energy üíß ‚û°Ô∏èinfo and registration,2020,1,0,1,1,
1521569793484066817,uncategorized hview news pg e launch feasibility study on hydrogen within gas pipelines,2022,1,0,1,1,
1565972867828789248,watertaxi rotterdam launches first hydrogen boat,2022,1,0,1,1,
411304421176258560,hydrogen is squeezed from stone scientists from the university of lyon have discovered a new way to split,2013,1,0,0,0,
582955569251745793,university installs prototype ‚Äòpee power‚Äô toilet,2015,1,0,0,0,
628361775222648832,check out this hot new video from sevenpoint on the power of hydrogen,2015,0,0,1,0,
639298470549958660,thanks for the follow check out this hot new video from sevenpoint on the power of hydrogen,2015,0,0,1,0,
1184030547426922496,whats going to power your home in futuregazes today with,2019,1,1,0,0,
1331689645466394624,much of the world is covered in oceans for years people have looked to harness the power of it now researchers have found a new way that seawater might more easily become a new form of renewable fuel,2020,1,1,0,1,
539201141360578560,iter milestone st hydrogen plasma only years before demo will show gross power production circa,2014,1,1,0,0,
1050654601785962497,canyouhandleit visiting at the whitehouse today wants to replace air force with hydrogen powered iplane made by apple maga demmeltdown democratmob,2018,1,1,0,1,
452713853625700352,hydrogen power supplier sets up sales office in kingston,2014,1,1,0,1,
628267688675008512,the power of hydrogen germany plant recovers hydrogen reduces waste actonclimate,2015,1,1,0,1,
1437286915296747525,q which party was in power during bcs worst ever wildfire years a bc ndp led by john horgan a de facto climate change denier who is determined to increase fossil fuel production in the province even though science warns of danger,2021,1,1,0,1,
1307403890338521091,for an ip power up to w and in some experiments up to w the system generated excess power of lenr coldfusion fusion nuclear actonclimate hydrogen fusionforfuture,2020,1,1,0,0,
1093881241785520130,shares her personal experience on how she got engaged with climatechange highlighting the power of education and how it plays a key role on driving change and boost youth engagement youthclimate teachclimate symposium climatehow,2019,1,1,0,0,
1088972347846082560,climate change is already driving mass migration around the globe solarpower,2019,1,1,0,0,
1561371597600071680,a fact that texas republicans hate without wind and solar generatorsthe texas power grid cannot meet demand,2022,1,1,0,0,
1578131903617662982,theres a school in sweden that uses solar to produce hydrogen that it uses for heat and power they can store mwh worth of h for when the sun doesnt shine that would be useful wouldnt it when liz truss switches your power off whynotscotland,2022,1,0,1,1,
1224780616828358669,i know it should be quicker but the idea that new cars powered by internal combustion engines will be illegal in years is revolutionary it‚Äôs seismic,2020,0,1,0,0,
298530799978942464,insight electric cars head toward another dead end via time to get real we need natural gas powered cars,2013,0,1,1,1,
1586279078255939586,so while our political leaders at cop will be chauffeured around in electric cars they conveniently forget that cobalt is found in lithium batteries that power most electric cars the landscape in congo is destroyed to mine cobalt child slaves mine the cobalt,2022,0,1,0,0,
683258415838175233,crnt drive towards electriccars may seem env friendly initiative but d electricity rchrg dem wl cm from d same polluting powerplants,2016,0,1,0,0,
664217745576230913,facts are very stubbornthe year old common sail can also be adapted to power clean electricity hydrogen processes,2015,1,1,0,1,
1466784394727899136,big changes are happening in the electric power industry icymi will join the new england restructuring roundtable on dec at am et to discuss decarbonizing the northeast,2021,1,1,0,1,
1588671487053287424,the electric grid and specifically longdistance power transmission is now the number one bottleneck to decarbonizing electricity great piece by,2022,1,1,0,0,
1010824080960811008,fergusonmarine to develop worldfirst renewablespowered hydrogenferry hyseasiii,2018,1,0,1,1,
1021955963987865600,world‚Äôs first solarpowered hydrogen development takes homes offgrid,2018,1,0,1,1,
697497834472546305,world‚Äôs first solarpowered hydrogen development takes homes offgrid,2016,1,0,1,1,
886503354326593536,a million selfpowered hydrogen boat has set off on a year trip around the world,2017,1,0,1,1,
1194590217396580354,‚Äúprof hare said wa was uniquely suited for hydrogen production thanks to abundant wind sunshine particularly in the mid west pilbara with sun during day wind at night to provide consistent power for industrialscale hydrogen manufacturing plants‚Äù,2019,1,0,1,1,
1314583580719362048,to verify you‚Äôre not a robot check all boxes containing hydrogen powered vehicles ü§ñ we really enjoyed this linkedin post from,2020,1,1,0,1,
1184349390695124993,industry minister sung rolled out a policy roadmap for koreas future mobility on oct including a goal to lift the countrys share of the worlds electric and hydrogenpowered market to pct by from the current pct,2019,1,0,1,1,
1320970737465892865,the us department of energy put out the formal request to build what it calls a fission surface power system that could allow humans to live for long periods in harsh space environments,2020,1,1,0,0,
1273566025959845895,ammonia could be a zerocarbon fuel it‚Äôs possible to break it back down into hydrogen and n giving off energy in the process and it can be burned like fossilfuels such as diesel this means ammonia can also be used as an energystore powertox,2020,1,1,0,1,
936166192011550720,itm power‚Äôs pipeline up ¬£m in two months since placing sheffield hydrogen energy solutions provider itm power has seen its deal pipeline increase by ¬£ million over the past two months featured finance,2017,1,1,0,1,
1303656638688243714,check out this exclusive study by dii desert energy to find out how the strategy can foster economic development boost export create futureoriented jobs in a hightech sector and support social stability download the paper energy utilities power,2020,1,0,1,1,
336273134653169664,green energy from nuclear power texas a m physicist says yes adsms core assembly the hydrogen fluorid hf,2013,1,1,0,0,
1138967191884189696,clean energy debate gets dirty as daintree community split over renewable power microgrid via,2019,1,1,0,1,
1447699041589071880,shalelaw hotlink ‚Äúdoe announces million to produce clean hydrogen from nuclear power‚Äù nuclear hydrogen nuclearpower energy,2021,1,1,0,1,
1180654028767862784,the orkney islands are a renewableenergy power house using wind wave and tidal power they are generating of their electricity needs we have solutions to the climate crisis time for a greennewdeal actonclmate energy tech cdnpoli panelsnotpipelines,2019,1,1,0,1,
1461790932089638912,furniture chain ikea is turning its stores into solarpower stations it wants all its stores to run on cleanenergy in less than ten years feeding excess electricity back into the grid we have the solutions implement them actonclimate climateaction climate energy,2021,1,1,0,1,
1556579601941516289,dutch company develops offshore windpowered hydrogen production platform offshorewind renewableenergy netherlands,2022,1,0,1,1,
1198844880782602240,south korea wants to build three hydrogenpowered cities by alternativeenergy sustainability rt wef,2019,1,1,0,1,
1409651054485020672,itm power lse itml welcomes chilean minister for energy to new gigawatt electrolyzer factory rogerbone,2021,1,1,0,1,
1593728616722055171,to ignite the fusion fire the fuel ‚Äì a hydrogen plasma ‚Äì must be confined by magnetic fields heated to mil degrees the task of the worlds largest stellarator fusionenergy device is to investigate the suitability of such devices for power plants,2022,1,1,0,0,
732597545206177792,the greatest leap of mankind‚Ä¶ unlimited free energy more power than ‚Ä¶ wearethepeople,2016,1,1,0,0,
1203720896969609216,hydrogen forklifts üïô time saving ‚ôªÔ∏è small footprint ‚ö°Ô∏è constant power ‚É£ emissionfree,2019,1,1,0,1,
1211693429098500096,bae systems powers green bus zones in san francisco and beyond to help cities get to zero emissions lifeatbaesystems,2019,1,1,0,0,
977873951165644801,germany unveils world‚Äôs first zeroemissions hydrogenpowered passenger train ‚Ä¶ see more,2018,1,1,0,1,
1116318367424684033,nanomaterials worlds fastest hydrogen sensor could pave the way for clean hydrogen energy hydrogen is a clean and renewable energy carrier that can power vehicles with water as the only emission unfortunately hydrogen‚Ä¶ nanomaterials via,2019,1,1,0,1,
1449041243611320322,plug power plans green hydrogen projects with phillips and airbus macro forex trading investing stocks bonds crypto markets,2021,1,0,1,1,
1080181207445504002,hinvestment happy new year strong buy h cleanenergy fuelcell hydrogen change in mobility and energy watch japan china nel nikolamotors gp byd rebound tenbagger to start fcel ballard protonpowersystems and many h shares,2019,1,1,0,1,
1332875619332284416,our funding to fasttrack the next generation of renewable energy for victoria is part of the biggest energy investment of any state ever this money will get projects out of the lab and into the grid creating jobs cutting emissions and power bills and tackling climate change,2020,1,1,0,0,
1368922337861632003,why hydrogen needs nuclear power to succeed oilprice,2021,1,0,1,1,
1395676871971454976,is time right to develop a fit for hydrogen programme what does my network think uk already has programme to help ukmfg firms bid for work in nuclear supplychain and something to help firms enter growing offshorewind power market,2021,1,0,1,1,
1445066651200888838,ppsi pioneer power to provide ebloc for southern california gas companys h hydrogen home business wire smallcapsdaily smallcaps microcap stocks trading profits,2021,0,0,1,1,
316875560007647233,signed distribution agreement for bringing hydrogen backup power to india,2013,1,0,1,1,
1521872013396254722,how we will get hydrogen if we have water in the form of unmelted ice and in a machine that produces water there will be no element that could feed it to extract water produce hydrogen and then produce power units,2022,1,0,1,1,
1520417698450186240,üëÄ hydrogen from waste a reality the british company and the irish company will collaborate ü§ù to deliver the first operational full scale wasteplastictohydrogen üíß facility in europe,2022,1,0,1,1,
289553135758897153,doe announces webinars on windtohydrogen cost modeling and,2013,1,0,1,1,
322669048313819136,explosive news rt aston martin rapide s hydrogenhybrid to race at hours of nurburgring,2013,1,1,0,1,
412332556890042368,researchers split water into hydrogen oxygen using light nanoparticles sciencedaily,2013,1,0,0,0,
412368411466170369,splitting water into hydrogen and oxygen using light nanoparticles researchers from the university of,2013,1,0,0,0,
1016982696692678656,scientists harvest hydrogen from water in microgravity a nifty trick for deepspace travel,2018,1,0,1,1,
379654137656274944,can we stop calling new technology disruptive unless it puts out a massive electromagnetic pulse its not particularly disruptive,2013,1,1,0,0,
296920004274843648,university of buffalo researchers say just add water to create hydrogen university of buffalo researchers have discov,2013,1,0,0,1,
1553887988526063617,car fully charged at am home by am i may sound a bit erdistracted on air tomorrow,2022,1,1,0,0,
1539370138104905733,doe selects four winners in hydrogen contest,2022,1,0,1,1,
401894563327250432,‚Äúnew device uses light to split water‚Äù via,2013,1,0,1,1,
294012502705070080,sciencedaily just add water how scientists are using silicon to produce hydrogen on demand supersmall particles of,2013,1,1,0,1,
340021454747860992,the compositions of hydrogen from refinery seems unstable will be my problem statement of the day,2013,1,0,0,0,
1004038736991211520,project hydrogen unveiled by in sparkaisummit opening kickoff machinelearning,2018,1,1,0,0,
1066508162130472960,hydrogen taranaki and a significant dilemma for our coalition government,2018,1,0,0,0,
958188061418053632,australia risks missing out on lithium battery boom,2018,1,1,0,0,
958939528630231042,japanese reap rewards as three firms win operational license at business forum in riyadh ‚Äúsaudijapan vision ‚Äù saudijapan partnership ‚Äùthe techniques of storing carbon and hydrogen are witnessing a tangible development ‚Äù ÔºÉsdg,2018,1,0,1,1,
1068610514417315843,alexander dennis offers hydrogen doubledeck bus,2018,1,0,1,1,
1076485022000037888,the lunginspired shape makes the device more efficient,2018,1,0,0,0,
1382000697625939973,hyliion founder ceo discusses their natural gaselectric hybrid trucks,2021,1,1,0,1,
954458711715713030,whats hydrogen trucking all about read about it in,2018,1,1,0,1,
1548945087983300608,while fonterra is creaming itself about a trial electric truck southland is powering ahead,2022,1,1,0,1,
1281317628003352576,port of rotterdam spearheads hydrogenpowered trucking plan,2020,1,0,1,1,
953174813920714753,hho dry cell hho kit pure hydrogen titanium cell for trucks volt plates,2018,1,1,0,1,
1057323361032908800,pizza huts hydrogen delivery truck hauls a robotic kitchen,2018,1,0,1,1,
1062604499607523330,good morning amsterdam time for world railfestival,2018,1,0,0,0,
1064418282067771392,high purity hydrogen gas generator stable v w pressure gauge ml,2018,1,1,0,1,
1512265319871819778,from foolcomau the origin share price is now overvalued consensus says yes what do you think published org markets hydrogen commodity,2022,1,1,0,0,
699903784525254656,new technique for turning sunlight into hydrogen nanotechnology,2016,1,0,1,1,
1545524783210708992,on june tata chemicals europe opened the largest carbon capture plant in the uk the plant will capture metric tons of carbon dioxide annually,2022,1,1,0,0,
1044717363805990912,quite wonderful but will only lead to increased costs to the end consumer the public as only the producers will benefit scientists use ‚Äòhydrogen blisters‚Äô to lower the cost of electronic devices via,2018,1,1,0,0,
1012453758343811072,high‚Äêyield production of monolayer feps quantum sheets via chemical exfoliation for efficient photocatalytic hydrogen evolution,2018,1,0,0,0,
953570793727905792,praxair expands hydrogen supply to motiva port arthur texas refinery,2018,1,0,0,0,
1522120867102216192,shri gurmeet singh delivered the welcome address at the grpc setting the context he spoke about the indomitable spirit of the oil gas industry and its penchant for innovation excellence to drive national missions,2022,1,1,0,0,
1588406269420896256,xi tells scholz in beijing china and germany should collaborate,2022,1,1,0,0,
1509170817300676621,is andrew forrest not a good candidate to replace ceo ben van beurden he is a real entrepeneur and ceo ben van beurden is not,2022,1,0,0,0,
1580906325403312129,üì£ will invest ‚Ç¨ billion in france learn more about it in our article below üëá hydrogen,2022,1,0,1,1,
978094796588961793,our industry model is completely backwards upsidedown had our species evolved over and in water instead of land we would already be masters of the hydrogen cycle we must evolve once again as a species to survive the fourth industrial revolution,2018,1,1,0,1,
1519373194938884096,meetings with regional and international leaders engaging conversation amongst industry experts and networking opportunities we are glad to see the various connections being formed at chc canadianhydrogenconvention hydrogennow hydrogeneconomy,2022,1,1,0,1,
1494340634349805568,reliance ‚úÖ ‚úÖ ‚úÖ ‚úÖ ‚úÖ ‚úÖ all the observations are marked in the charts those who are looking to learn are welcome to comment out their analysis and rationale behind this analysis,2022,1,0,0,0,
